{"2M": {"precision": 0.7021276595744681, "recall": 0.7021276595744681}}